{ "compressionlevel":-1,
 "height":18,
 "infinite":false,
 "layers":[
        {
         "data":[0, 0, 0, 0, 0, 0, 0, 0, 0, 0, 0, 0, 0, 0, 0, 0, 0, 0, 13, 13, 13, 13, 13, 13, 13, 13, 13, 0, 0, 0, 0, 13, 0, 0, 0, 0, 0, 0, 0, 0, 0, 0, 0, 0, 0, 13, 0, 0, 0, 0, 0, 0, 0, 13, 0, 0, 0, 0, 13, 13, 13, 13, 13, 13, 13, 0, 0, 0, 0, 0, 0, 0, 13, 0, 0, 0, 0, 0, 0, 0, 13, 0, 0, 0, 0, 13, 0, 0, 0, 0, 0, 13, 0, 0, 0, 0, 0, 0, 0, 13, 0, 0, 0, 0, 0, 0, 0, 13, 0, 0, 0, 0, 13, 0, 13, 13, 13, 0, 13, 13, 13, 13, 13, 13, 13, 13, 13, 0, 0, 0, 0, 0, 0, 0, 13, 13, 13, 13, 13, 13, 0, 13, 13, 13, 0, 0, 0, 0, 0, 0, 0, 0, 0, 0, 0, 0, 0, 0, 0, 0, 0, 13, 13, 0, 0, 0, 0, 0, 13, 13, 13, 0, 13, 13, 0, 13, 13, 13, 13, 13, 13, 0, 0, 0, 0, 0, 0, 0, 13, 13, 0, 13, 13, 13, 0, 13, 13, 13, 0, 13, 13, 0, 13, 13, 13, 13, 13, 13, 13, 13, 13, 0, 13, 13, 13, 13, 13, 0, 13, 13, 13, 0, 13, 13, 13, 0, 0, 0, 0, 13, 13, 13, 13, 13, 13, 13, 0, 0, 0, 13, 0, 0, 0, 13, 0, 0, 0, 0, 0, 13, 13, 13, 13, 13, 13, 13, 13, 13, 13, 13, 13, 13, 13, 0, 13, 13, 13, 0, 0, 0, 13, 13, 13, 13, 13, 0, 13, 13, 13, 13, 13, 13, 13, 13, 13, 13, 13, 13, 13, 13, 0, 13, 0, 0, 0, 0, 0, 0, 0, 0, 0, 13, 0, 13, 13, 13, 13, 13, 13, 13, 13, 13, 13, 13, 13, 13, 13, 0, 13, 0, 13, 13, 13, 13, 0, 0, 0, 0, 13, 0, 13, 13, 13, 13, 13, 13, 13, 13, 13, 13, 13, 13, 13, 13, 0, 13, 13, 0, 0, 0, 13, 0, 0, 0, 0, 13, 0, 13, 13, 13, 13, 13, 13, 13, 13, 13, 0, 0, 0, 13, 13, 0, 0, 0, 0, 13, 0, 13, 13, 13, 13, 13, 13, 0, 13, 13, 13, 13, 0, 0, 0, 0, 0, 0, 13, 0, 0, 0, 0, 13, 13, 13, 13, 0, 13, 13, 0, 0, 0, 0, 0, 0, 0, 13, 13, 0, 13, 13, 13, 13, 0, 0, 0, 13, 13, 0, 13, 13, 13, 13, 0, 13, 13, 13, 13, 13, 13, 13, 13, 0, 0, 0, 0, 13, 0, 0, 13, 13, 13, 13, 13, 13, 0, 0, 0, 0, 0, 0, 13, 0, 0, 0, 0, 0, 0, 13, 0, 0, 0, 0, 13, 0, 0, 0, 0, 0, 0, 13, 0, 0, 13, 13, 13, 13, 13, 13],
         "height":18,
         "id":1,
         "name":"Walls",
         "opacity":1,
         "type":"tilelayer",
         "visible":true,
         "width":27,
         "x":0,
         "y":0
        }, 
        {
         "data":[3, 3, 3, 3, 3, 3, 3, 3, 3, 3, 3, 3, 3, 3, 3, 3, 3, 3, 0, 0, 0, 0, 0, 0, 0, 0, 0, 3, 3, 3, 3, 3, 3, 3, 3, 3, 3, 3, 3, 3, 3, 3, 3, 3, 3, 0, 10, 11, 11, 11, 11, 11, 8, 0, 3, 3, 3, 3, 0, 0, 0, 0, 0, 0, 0, 3, 3, 3, 3, 3, 3, 3, 0, 12, 11, 11, 11, 11, 11, 12, 0, 3, 3, 3, 3, 0, 10, 11, 11, 11, 8, 0, 3, 3, 3, 3, 3, 3, 3, 0, 12, 11, 11, 11, 11, 11, 12, 0, 3, 3, 3, 3, 0, 12, 0, 0, 0, 12, 0, 0, 0, 0, 0, 0, 0, 0, 0, 12, 11, 11, 11, 11, 11, 12, 0, 0, 0, 0, 0, 0, 12, 0, 0, 0, 6, 11, 11, 9, 11, 11, 11, 11, 11, 11, 7, 2, 11, 11, 11, 11, 12, 0, 0, 10, 11, 11, 11, 7, 0, 0, 0, 12, 0, 0, 12, 0, 0, 0, 0, 0, 0, 4, 11, 11, 9, 11, 11, 5, 0, 0, 12, 0, 0, 0, 12, 0, 0, 0, 12, 0, 0, 12, 0, 0, 0, 0, 0, 0, 0, 0, 0, 12, 0, 0, 0, 0, 0, 12, 0, 0, 0, 12, 0, 0, 0, 4, 11, 11, 5, 0, 0, 0, 0, 0, 0, 0, 10, 11, 5, 0, 3, 3, 3, 0, 4, 11, 11, 11, 7, 0, 0, 0, 0, 0, 0, 0, 0, 0, 0, 0, 0, 0, 0, 12, 0, 0, 0, 3, 3, 3, 0, 0, 0, 0, 0, 12, 0, 0, 0, 0, 0, 0, 0, 0, 0, 0, 0, 0, 0, 0, 12, 0, 3, 3, 3, 3, 3, 3, 3, 3, 3, 0, 12, 0, 0, 0, 0, 0, 0, 0, 0, 0, 0, 0, 0, 0, 0, 12, 0, 3, 0, 0, 0, 0, 3, 3, 3, 3, 0, 12, 0, 0, 0, 0, 0, 0, 0, 0, 0, 0, 0, 0, 0, 0, 12, 0, 0, 10, 11, 8, 0, 3, 3, 3, 3, 0, 12, 0, 0, 0, 0, 0, 0, 0, 0, 0, 10, 11, 8, 0, 0, 6, 11, 11, 5, 0, 12, 0, 0, 0, 0, 0, 0, 12, 0, 0, 0, 0, 10, 11, 11, 11, 11, 7, 0, 6, 11, 11, 7, 0, 0, 0, 0, 12, 0, 0, 2, 11, 11, 11, 1, 11, 8, 0, 0, 12, 0, 0, 0, 0, 4, 11, 5, 0, 0, 12, 0, 0, 0, 0, 12, 0, 0, 0, 0, 0, 0, 0, 0, 6, 9, 9, 7, 0, 3, 3, 0, 0, 0, 0, 0, 0, 6, 11, 11, 11, 11, 5, 0, 3, 3, 3, 3, 3, 3, 0, 4, 1, 1, 5, 0, 3, 3, 3, 3, 3, 3, 0, 10, 7, 0, 0, 0, 0, 0, 0],
         "height":18,
         "id":2,
         "name":"Floor",
         "opacity":1,
         "type":"tilelayer",
         "visible":true,
         "width":27,
         "x":0,
         "y":0
        }],
 "nextlayerid":3,
 "nextobjectid":1,
 "orientation":"orthogonal",
 "renderorder":"right-down",
 "tiledversion":"1.3.2",
 "tileheight":32,
 "tilesets":[
        {
         "columns":4,
         "firstgid":1,
         "image":"..\/..\/Pictures\/screen.png",
         "imageheight":323,
         "imagewidth":128,
         "margin":0,
         "name":"screen",
         "spacing":0,
         "tilecount":40,
         "tileheight":32,
         "tiles":[
                {
                 "id":12,
                 "properties":[
                        {
                         "name":"collides",
                         "type":"bool",
                         "value":true
                        }]
                }],
         "tilewidth":32,
         "transparentcolor":"#270d82"
        }],
 "tilewidth":32,
 "type":"map",
 "version":1.2,
 "width":27
}