{ "compressionlevel":0,
 "editorsettings":
    {
     "export":
        {
         "format":"json",
         "target":"Omega Building.json"
        }
    },
 "height":21,
 "infinite":false,
 "layers":[
        {
         "data":[0, 0, 0, 0, 0, 0, 0, 0, 0, 0, 0, 0, 0, 0, 0, 0, 0, 0, 13, 13, 13, 13, 13, 13, 13, 13, 13, 0, 0, 0, 0, 0, 0, 0, 0, 0, 0, 0, 0, 0, 0, 0, 0, 0, 0, 18, 20, 20, 20, 20, 20, 20, 20, 17, 0, 0, 0, 0, 0, 0, 0, 0, 0, 0, 0, 0, 0, 0, 0, 0, 0, 0, 18, 9, 3, 3, 3, 29, 3, 10, 17, 0, 0, 0, 0, 13, 13, 13, 13, 13, 13, 13, 0, 0, 0, 0, 0, 0, 0, 18, 2, 1, 1, 1, 2, 1, 2, 17, 0, 0, 0, 0, 18, 20, 20, 20, 20, 20, 17, 0, 0, 0, 0, 0, 0, 0, 18, 32, 3, 3, 3, 14, 3, 31, 17, 0, 0, 0, 0, 18, 9, 3, 3, 3, 10, 17, 13, 13, 13, 13, 13, 13, 13, 18, 2, 1, 1, 1, 2, 1, 2, 17, 13, 13, 13, 13, 18, 2, 23, 20, 24, 2, 21, 20, 20, 20, 20, 20, 20, 20, 22, 2, 1, 1, 1, 2, 1, 2, 17, 18, 20, 20, 20, 22, 2, 17, 13, 18, 32, 3, 3, 29, 3, 3, 3, 3, 3, 3, 31, 1, 1, 1, 2, 1, 2, 17, 18, 9, 3, 3, 3, 31, 17, 13, 18, 2, 23, 24, 2, 23, 20, 20, 20, 20, 24, 12, 3, 3, 29, 30, 3, 11, 17, 18, 2, 23, 20, 24, 2, 17, 13, 18, 2, 21, 22, 2, 17, 13, 13, 13, 13, 25, 20, 20, 24, 2, 23, 20, 20, 26, 18, 2, 21, 20, 22, 2, 17, 13, 18, 12, 3, 3, 11, 17, 13, 13, 13, 13, 13, 18, 20, 22, 2, 17, 0, 0, 0, 18, 12, 3, 3, 3, 31, 17, 13, 25, 20, 20, 20, 20, 26, 13, 13, 13, 13, 13, 18, 9, 3, 11, 17, 0, 0, 0, 25, 20, 20, 20, 24, 2, 17, 13, 13, 13, 13, 13, 13, 13, 13, 13, 13, 13, 13, 18, 2, 23, 20, 26, 13, 13, 13, 0, 0, 0, 0, 18, 2, 17, 13, 13, 13, 13, 13, 13, 13, 13, 13, 13, 13, 13, 18, 2, 17, 18, 20, 20, 20, 17, 0, 0, 0, 0, 18, 2, 17, 13, 13, 13, 13, 13, 13, 13, 18, 20, 20, 20, 17, 18, 2, 21, 22, 9, 3, 10, 17, 13, 13, 13, 13, 18, 2, 17, 13, 13, 18, 20, 20, 20, 20, 22, 1, 1, 1, 21, 22, 32, 3, 3, 11, 28, 2, 17, 18, 20, 20, 20, 22, 2, 21, 20, 17, 18, 9, 3, 3, 3, 3, 3, 3, 3, 3, 3, 31, 23, 20, 20, 27, 2, 17, 18, 5, 3, 3, 3, 30, 3, 10, 21, 22, 2, 23, 20, 20, 24, 1, 1, 1, 23, 24, 2, 21, 20, 20, 22, 2, 17, 25, 20, 20, 20, 20, 20, 24, 2, 1, 1, 2, 17, 0, 0, 25, 20, 20, 20, 27, 22, 32, 3, 3, 3, 3, 11, 17, 0, 0, 0, 0, 0, 0, 18, 8, 1, 1, 8, 17, 0, 0, 0, 0, 0, 0, 18, 5, 11, 23, 20, 20, 20, 20, 26, 0, 0, 0, 0, 0, 0, 25, 22, 13, 13, 21, 26, 0, 0, 0, 0, 0, 0, 25, 20, 20, 26, 0, 0, 0, 0, 0],
         "height":21,
         "id":1,
         "name":"Omega Building Main Layer",
         "opacity":1,
         "type":"tilelayer",
         "visible":true,
         "width":27,
         "x":0,
         "y":0
        }],
 "nextlayerid":2,
 "nextobjectid":1,
 "orientation":"orthogonal",
 "renderorder":"right-down",
 "tiledversion":"1.3.2",
 "tileheight":32,
 "tilesets":[
        {
         "columns":4,
         "firstgid":1,
         "image":"coy-map-tiles.png",
         "imageheight":256,
         "imagewidth":128,
         "margin":0,
         "name":"coy-map-tiles",
         "spacing":0,
         "tilecount":32,
         "tileheight":32,
         "tiles":[
                {
                 "id":12,
                 "properties":[
                        {
                         "name":"collide",
                         "type":"bool",
                         "value":true
                        }]
                }, 
                {
                 "id":16,
                 "properties":[
                        {
                         "name":"collide",
                         "type":"bool",
                         "value":true
                        }]
                }, 
                {
                 "id":17,
                 "properties":[
                        {
                         "name":"collide",
                         "type":"bool",
                         "value":true
                        }]
                }, 
                {
                 "id":18,
                 "properties":[
                        {
                         "name":"collide",
                         "type":"bool",
                         "value":true
                        }]
                }, 
                {
                 "id":19,
                 "properties":[
                        {
                         "name":"collide",
                         "type":"bool",
                         "value":true
                        }]
                }, 
                {
                 "id":20,
                 "properties":[
                        {
                         "name":"collide",
                         "type":"bool",
                         "value":true
                        }]
                }, 
                {
                 "id":21,
                 "properties":[
                        {
                         "name":"collide",
                         "type":"bool",
                         "value":true
                        }]
                }, 
                {
                 "id":22,
                 "properties":[
                        {
                         "name":"collide",
                         "type":"bool",
                         "value":true
                        }]
                }, 
                {
                 "id":23,
                 "properties":[
                        {
                         "name":"collide",
                         "type":"bool",
                         "value":true
                        }]
                }, 
                {
                 "id":24,
                 "properties":[
                        {
                         "name":"collide",
                         "type":"bool",
                         "value":true
                        }]
                }, 
                {
                 "id":25,
                 "properties":[
                        {
                         "name":"collide",
                         "type":"bool",
                         "value":true
                        }]
                }, 
                {
                 "id":26,
                 "properties":[
                        {
                         "name":"collide",
                         "type":"bool",
                         "value":true
                        }]
                }, 
                {
                 "id":27,
                 "properties":[
                        {
                         "name":"collide",
                         "type":"bool",
                         "value":true
                        }]
                }],
         "tilewidth":32
        }],
 "tilewidth":32,
 "type":"map",
 "version":1.2,
 "width":27
}